{"agent": {"nsubj": 0.9889705882352942, "ROOT": 0.011029411764705883}, "item": {"dobj": 0.8888888888888888, "pobj": 0.1111111111111111}, "place": {"pobj": 0.9969418960244648, "dobj": 0.0030581039755351682}, "surface": {"pobj": 0.7857142857142857, "dobj": 0.21428571428571427}, "tool": {"dobj": 0.5365853658536586, "pobj": 0.4634146341463415}, "destination": {"pobj": 0.9365079365079365, "dobj": 0.06349206349206349}, "undergoer": {"dobj": 1.0}, "snows": {"ROOT": 1.0}, "crownedentity": {"dobj": 1.0}, "performer": {"dobj": 1.0}, "destroyeditem": {"dobj": 1.0}, "giver": {"dobj": 1.0}, "object": {"dobj": 0.9166666666666666, "pobj": 0.08333333333333333}, "container": {"pobj": 0.9259259259259259, "dobj": 0.07407407407407407}, "component": {"pobj": 0.6666666666666666, "dobj": 0.3333333333333333}, "glue": {"pobj": 1.0}, "components": {"pobj": 1.0}, "ailment": {"pobj": 1.0}, "agentpart": {"pobj": 0.9090909090909091, "dobj": 0.09090909090909091}, "votefor": {"pobj": 1.0}, "reference": {"dobj": 1.0}, "recipientpart": {"pobj": 1.0}, "coagent": {"pobj": 0.5454545454545454, "dobj": 0.45454545454545453}, "second-participant": {"pobj": 1.0}, "substance": {"pobj": 0.2916666666666667, "dobj": 0.6666666666666666, "nsubj": 0.041666666666666664}, "cover": {"pobj": 1.0}, "heatsource": {"pobj": 1.0}, "victim": {"dobj": 0.9583333333333334, "ROOT": 0.041666666666666664}, "victimpart": {"pobj": 1.0}, "naggedperson": {"dobj": 1.0}, "source": {"pobj": 0.9111111111111111, "dobj": 0.08888888888888889}, "obstacle": {"pobj": 0.8, "dobj": 0.2}, "part": {"pobj": 1.0}, "seller": {"dobj": 0.25, "pobj": 0.25, "nsubj": 0.5}, "competitor": {"pobj": 1.0}, "start": {"pobj": 1.0}, "goalitem": {"pobj": 0.4, "dobj": 0.6}, "disliker": {"nsubj": 1.0}, "reason": {"pobj": 1.0}, "target": {"pobj": 0.625, "dobj": 0.375}, "farmer": {"nsubj": 1.0}, "vehicle": {"dobj": 0.6363636363636364, "pobj": 0.36363636363636365}, "goods": {"dobj": 0.6666666666666666, "pobj": 0.3333333333333333}, "payment": {"pobj": 1.0}, "firearm": {"pobj": 1.0}, "teacher": {"nsubj": 1.0}, "student": {"dobj": 1.0}, "experiencer": {"dobj": 1.0}, "item1": {"dobj": 1.0}, "item2": {"conj": 1.0}, "connector": {"pobj": 0.8888888888888888, "dobj": 0.1111111111111111}, "end": {"pobj": 1.0}, "a substance": {"pobj": 1.0}, "amusement": {"dobj": 1.0}, "party1": {"nsubj": 1.0}, "party2": {"dobj": 1.0}, "skill": {"pobj": 0.5, "dobj": 0.5}, "scaffold": {"pobj": 1.0}, "addressee": {"pobj": 0.6666666666666666, "dobj": 0.3333333333333333}, "liquid": {"pobj": 0.5, "dobj": 0.25, "nsubj": 0.25}, "food": {"dobj": 0.8888888888888888, "pobj": 0.1111111111111111}, "turneditem": {"dobj": 1.0}, "newitem": {"nsubj": 1.0}, "ground": {"pobj": 0.8333333333333334, "dobj": 0.16666666666666666}, "danger": {"pobj": 1.0}, "rider": {"ROOT": 1.0}, "piggybacks": {"ROOT": 1.0}, "carrier": {"pobj": 0.75, "nsubj": 0.25}, "blocker": {"nsubj": 1.0}, "lock": {"dobj": 1.0}, "coparticipant": {"pobj": 1.0}, "contact": {"pobj": 1.0}, "hidingitem": {"pobj": 1.0}, "crown": {"pobj": 1.0}, "some material": {"dobj": 1.0}, "createditem": {"pobj": 1.0}, "theme": {"dobj": 1.0}, "bodypart": {"dobj": 0.8333333333333334, "nsubj": 0.16666666666666666}, "suspect": {"dobj": 1.0}, "participant": {"pobj": 1.0}, "center": {"dobj": 1.0}, "heaveditem": {"nsubj": 1.0}, "wrappingitem": {"pobj": 1.0}, "wrappeditem": {"dobj": 1.0}, "removeditem": {"dobj": 1.0}, "signeditem": {"dobj": 1.0}, "gatherers": {"nsubj": 1.0}, "fastener": {"dobj": 0.6666666666666666, "conj": 0.3333333333333333}, "feature": {"dobj": 1.0}, "foodcontainer": {"pobj": 1.0}, "caughtitem": {"dobj": 1.0}, "cause": {"pobj": 1.0}, "parachute": {"dobj": 1.0}, "resource": {"dobj": 1.0}, "receiver": {"pobj": 1.0}, "goal": {"pobj": 1.0}, "fish": {"dobj": 1.0}, "soil": {"dobj": 1.0}, "items": {"dobj": 1.0}, "brancher": {"nsubj": 1.0}, "follower": {"dobj": 1.0}, "crusheditem": {"dobj": 1.0}, "top": {"dobj": 1.0}, "bottom": {"pobj": 1.0}, "event": {"dobj": 1.0}, "stage": {"pobj": 1.0}, "phenomenon": {"dobj": 1.0}, "blow": {"dobj": 1.0}, "problem": {"dobj": 1.0}, "occasion": {"dobj": 1.0}, "itemtype": {"dobj": 1.0}, "badentity": {"dobj": 1.0}, "agents": {"nsubj": 1.0}, "projectile": {"dobj": 1.0}, "pursuer": {"pobj": 1.0}, "focus": {"pobj": 1.0}, "inspectedobject": {"dobj": 1.0}, "agenttype": {"nsubj": 1.0}, "whole": {"pobj": 1.0}, "nudgeditem": {"dobj": 1.0}, "yankedpart": {"pobj": 1.0}, "crop": {"dobj": 1.0}, "recipients": {"pobj": 1.0}, "sprouter": {"nsubj": 1.0}, "image": {"dobj": 1.0}, "material": {"pobj": 0.5, "dobj": 0.5}, "paweditem": {"dobj": 1.0}, "coagentpart": {"dobj": 1.0}, "direction": {"pobj": 1.0}, "gawkedat": {"pobj": 1.0}, "patient": {"dobj": 1.0}, "aspect": {"dobj": 1.0}, "missedtarget": {"dobj": 1.0}, "objectpart": {"pobj": 1.0}, "instrument": {"pobj": 0.75, "dobj": 0.25}, "traveler": {"nsubj": 1.0}, "competition": {"pobj": 1.0}, "deflecteditem": {"dobj": 1.0}, "harvesteditem": {"dobj": 1.0}, "strap": {"dobj": 1.0}, "placeditem": {"dobj": 1.0}, "alreadyplaceditem": {"pobj": 1.0}, "boaters": {"nsubj": 1.0}, "rammingitem": {"pobj": 1.0}, "shelter": {"pobj": 1.0}, "hails": {"ROOT": 1.0}, "stake": {"dobj": 1.0}, "entity": {"dobj": 1.0}, "audience": {"dobj": 1.0}, "dye": {"pobj": 1.0}, "individuals": {"nsubj": 1.0}, "chasee": {"dobj": 1.0}, "path": {"dobj": 1.0}, "mass": {"dobj": 1.0}, "device": {"pobj": 1.0}, "subject": {"pobj": 1.0}, "their item": {"dobj": 1.0}, "weapon": {"pobj": 0.3333333333333333, "dobj": 0.6666666666666666}, "brush": {"pobj": 1.0}, "drencheditem": {"dobj": 1.0}, "prisoner": {"dobj": 1.0}, "action": {"dobj": 1.0}, "message": {"dobj": 1.0}, "rains": {"ROOT": 1.0}, "illustration": {"dobj": 1.0}, "itempart": {"dobj": 1.0}, "listener": {"pobj": 1.0}, "manner": {"pobj": 1.0}, "result": {"pobj": 1.0}, "garbage": {"dobj": 1.0}, "fire": {"pobj": 1.0}, "sealant": {"pobj": 1.0}, "dirt": {"pobj": 1.0}, "shape": {"pobj": 1.0}, "perceiver": {"pobj": 1.0}, "mourner": {"nsubj": 1.0}}